Geographic name,Geographic area type,Province and Territory Abbrev,"Population, 2021","Total private dwellings, 2021","Private dwellings occupied by usual residents, 2021","Land area in square kilometres, 2021","Population density per square kilometre, 2021"
Canada 2,Country,...,"36,991,981","16,284,235","14,978,941","8,788,702.80",4.2
Newfoundland and Labrador,Province,N.L.,"510,550","269,184","223,253","358,170.37",1.4
Bay Roberts,Small population centre,N.L.,"6,897","3,184","2,888",16.88,408.5
Bishop's Falls,Small population centre,N.L.,"3,006","1,498","1,386",6.89,436.1
Bonavista,Small population centre,N.L.,"2,979","1,628","1,379",4.36,683.1
Botwood,Small population centre,N.L.,"2,741","1,374","1,237",5.54,494.4
Burgeo,Small population centre,N.L.,"1,176",659,570,2.08,566.5
Carbonear,Small population centre,N.L.,"6,235","3,118","2,829",11.16,558.9
Channel-Port aux Basques,Small population centre,N.L.,"3,127","1,644","1,500",5.17,605.2
Clarenville-Shoal Harbour,Small population centre,N.L.,"6,143","2,854","2,573",12.46,493
Corner Brook,Small population centre,N.L.,"19,129","9,451","8,775",21.6,885.4
Deer Lake,Small population centre,N.L.,"4,346","2,066","1,920",8.2,529.8
Gander,Small population centre,N.L.,"9,918","4,604","4,285",13.64,727.2
Grand Bank,Small population centre,N.L.,"2,071","1,136","1,011",2.24,924.7
Grand Falls-Windsor,Small population centre,N.L.,"11,986","5,816","5,372",12.34,971.2
Happy Valley-Goose Bay,Small population centre,N.L.,"6,996","2,936","2,698",10.17,687.9
Labrador City,Small population centre,N.L.,"9,011","4,075","3,720",14.5,621.7
Lewisporte,Small population centre,N.L.,"2,064","1,002",889,2.33,884
Marystown,Small population centre,N.L.,"2,671","1,355","1,219",5.71,468.2
Massey Drive,Small population centre,N.L.,"1,606",670,626,2.45,655.1
Pasadena,Small population centre,N.L.,"2,769","1,268","1,193",3.54,781.9
Placentia,Small population centre,N.L.,"1,338",761,638,2.62,510
Sheshatshiu,Small population centre,N.L.,"1,049",331,299,1.61,653.5
Springdale,Small population centre,N.L.,"2,182","1,081",980,3.76,579.6
St. Anthony,Small population centre,N.L.,"1,986",943,842,4.52,439
St. John's,Large urban population centre,N.L.,"185,565","86,189","79,537",178,"1,042.50"
Stephenville,Small population centre,N.L.,"7,344","3,685","3,488",15.48,474.5
Stephenville Crossing,Small population centre,N.L.,"1,038",517,475,1.4,742.6
Wabana,Small population centre,N.L.,"1,091",700,558,2.53,432
Prince Edward Island,Province,P.E.I.,"154,331","74,934","64,570","5,681.18",27.2
Charlottetown,Medium population centre,P.E.I.,"52,390","24,116","22,617",57.56,910.2
Kensington,Small population centre,P.E.I.,"1,743",865,834,2.74,635.5
Montague,Small population centre,P.E.I.,"1,896",931,850,2.07,916.9
Summerside,Small population centre,P.E.I.,"14,952","6,924","6,643",16.97,881.2
Nova Scotia,Province,N.S.,"969,383","476,007","428,228","52,824.71",18.4
Amherst,Small population centre,N.S.,"9,548","4,866","4,545",12.38,771.5
Antigonish,Small population centre,N.S.,"5,620","3,212","2,664",5.88,955.7
Berwick,Small population centre,N.S.,"2,455","1,087","1,050",4.31,570.1
Bridgewater,Small population centre,N.S.,"8,790","4,493","4,260",13.63,644.9
Brookside,Small population centre,N.S.,"1,439",579,562,2.81,512
Cape Breton - Sydney,Medium population centre,N.S.,"30,960","15,043","14,070",30.91,"1,001.50"
Centreville,Small population centre,N.S.,"1,159",511,500,2.36,490.2
Chester,Small population centre,N.S.,"1,371",840,674,3.23,424.5
Digby,Small population centre,N.S.,"2,001","1,133","1,030",3.16,634
Enfield - Lantz,Small population centre,N.S.,"6,583","2,806","2,724",11.67,563.9
Eskasoni 3,Small population centre,N.S.,"2,575",812,776,5.7,451.7
Glace Bay,Small population centre,N.S.,"16,915","8,320","7,680",31.19,542.4
Halifax,Large urban population centre,N.S.,"348,634","162,336","154,883",238.29,"1,463.10"
Hantsport,Small population centre,N.S.,"1,542",735,703,2.89,532.8
Hayes Subdivision,Small population centre,N.S.,"1,044",435,429,1.1,951.3
Howie Centre,Small population centre,N.S.,"1,106",501,490,1.67,662.2
Indian Brook 14,Small population centre,N.S.,"2,332",965,949,3.89,599.3
Inverness,Small population centre,N.S.,"1,228",633,562,2.73,449.9
Kentville,Small population centre,N.S.,"14,905","7,015","6,766",27.98,532.7
Kingston - Greenwood,Small population centre,N.S.,"7,118","3,167","3,017",17.22,413.4
Lake Echo,Small population centre,N.S.,"2,365","1,031","1,008",4.76,496.5
Liverpool,Small population centre,N.S.,"2,546","1,339","1,239",3.59,708.5
Lunenburg,Small population centre,N.S.,"2,405","1,232","1,085",3.35,717.7
Middleton,Small population centre,N.S.,"1,429",738,694,2.72,525.4
New Glasgow,Small population centre,N.S.,"19,316","9,537","8,917",29.82,647.8
New Waterford,Small population centre,N.S.,"6,723","3,414","3,196",9.23,728.3
Pictou,Small population centre,N.S.,"2,643","1,377","1,238",4.35,608
Port Hawkesbury,Small population centre,N.S.,"2,998","1,441","1,335",5,599.7
Port Williams,Small population centre,N.S.,"1,030",450,433,1.92,537.7
Shelburne,Small population centre,N.S.,"1,439",821,708,2.6,553.1
Springhill,Small population centre,N.S.,"2,654","1,361","1,235",4.84,548.1
Still Water Lake,Small population centre,N.S.,"3,379","1,153","1,138",8.23,410.7
Sydney Mines,Small population centre,N.S.,"12,353","5,940","5,552",18.11,682.2
Truro,Small population centre,N.S.,"23,583","11,368","10,884",31.52,748.3
Windsor,Small population centre,N.S.,"5,514","2,549","2,416",10.56,522
Wolfville,Small population centre,N.S.,"5,057","2,856","2,441",6.46,783.3
Yarmouth,Small population centre,N.S.,"7,848","4,004","3,668",16.81,466.8
New Brunswick,Province,N.B.,"775,610","366,146","337,651","71,248.50",10.9
Bathurst,Small population centre,N.B.,"15,985","8,360","7,631",27.92,572.6
Bouctouche,Small population centre,N.B.,"1,944",936,860,4.83,402.6
Campbellton,Small population centre,N.B.,"8,833","4,474","4,156",17.8,496.1
Caraquet,Small population centre,N.B.,"3,190","1,579","1,490",7.72,413.1
Chatham - Douglastown,Small population centre,N.B.,"11,594","5,759","5,399",27.78,417.4
Dalhousie,Small population centre,N.B.,"2,372","1,276","1,150",2.56,927.4
Edmundston,Small population centre,N.B.,"13,125","6,629","6,260",19.06,688.6
Fredericton,Medium population centre,N.B.,"64,614","30,406","28,989",89.6,721.1
Grand Falls / Grand-Sault,Small population centre,N.B.,"4,349","2,262","2,127",7.17,606.2
Hampton,Small population centre,N.B.,"3,499","1,421","1,370",7.73,452.8
McEwen,Small population centre,N.B.,"1,445",746,725,0.83,"1,742.00"
Moncton,Large urban population centre,N.B.,"119,785","54,519","51,830",110.73,"1,081.80"
New Maryland,Small population centre,N.B.,"2,179",793,788,2.7,806.5
Oromocto,Small population centre,N.B.,"8,585","3,708","3,483",10,858.3
Quispamsis - Rothesay,Small population centre,N.B.,"24,881","9,753","9,523",37.05,671.5
Richibucto 15,Small population centre,N.B.,"1,464",555,541,2.52,582
Sackville,Small population centre,N.B.,"3,798","2,085","1,758",6,633.2
Saint Andrews,Small population centre,N.B.,"1,715",920,789,2.55,672.4
Saint John,Medium population centre,N.B.,"63,447","31,074","29,108",70.05,905.8
Saint-Antoine,Small population centre,N.B.,"1,383",593,567,2.57,538.8
Saint-Quentin,Small population centre,N.B.,"2,141","1,015",976,4.24,504.7
Salisbury,Small population centre,N.B.,"1,546",662,641,2.7,573.4
Shediac,Small population centre,N.B.,"8,563","4,579","3,927",14.06,609.1
Shippagan,Small population centre,N.B.,"2,189","1,043",979,2.84,771.4
St. Leonard,Small population centre,N.B.,"1,043",506,453,2.01,519.1
St. Stephen,Small population centre,N.B.,"3,389","1,752","1,598",3.57,948.3
Starlight Village,Small population centre,N.B.,"2,222",767,762,5.27,421.5
Sussex,Small population centre,N.B.,"5,447","2,706","2,533",10.65,511.5
Tracadie-Sheila,Small population centre,N.B.,"4,528","2,170","2,072",9.68,467.8
Wells,Small population centre,N.B.,"1,263",467,460,2.88,438.9
Woodstock,Small population centre,N.B.,"4,602","2,153","2,041",4.5,"1,023.10"
Quebec 2,Province,Que.,"8,501,833","4,050,164","3,749,035","1,298,599.75",6.5
Acton Vale,Small population centre,Que.,"5,220","2,466","2,394",5.58,936
Alençon,Small population centre,Que.,"1,585",755,721,2.98,532.3
Alma,Small population centre,Que.,"20,274","9,987","9,533",15.94,"1,272.20"
Amos,Small population centre,Que.,"9,281","4,794","4,542",8.43,"1,101.20"
Amqui,Small population centre,Que.,"4,560","2,329","2,219",6.53,698
Angers,Small population centre,Que.,"7,259","2,844","2,781",4.76,"1,524.20"
Asbestos,Small population centre,Que.,"5,623","2,933","2,805",5.17,"1,087.30"
Ayer's Cliff,Small population centre,Que.,"1,087",568,478,2.32,467.8
Baie-Comeau,Small population centre,Que.,"9,100","4,487","4,221",11.28,806.5
Baie-Saint-Paul,Small population centre,Que.,"4,308","2,171","2,068",4.03,"1,069.50"
Barraute,Small population centre,Que.,"1,090",542,523,1.32,823.6
Beauceville,Small population centre,Que.,"3,598","1,743","1,655",6.07,592.5
Beaumont,Small population centre,Que.,"1,209",501,481,1.64,738.4
Beaupré,Small population centre,Que.,"6,342","3,560","2,923",11.21,565.8
Bedford,Small population centre,Que.,"2,548","1,319","1,228",3.86,660.2
Beloeil,Medium population centre,Que.,"52,959","22,212","21,811",26.5,"1,998.50"
Berthierville,Small population centre,Que.,"4,677","2,307","2,241",5.11,916.1
Betsiamites,Small population centre,Que.,"2,104",732,716,1.78,"1,183.60"
Black Lake,Small population centre,Que.,"3,266","1,653","1,571",2.33,"1,400.50"
Bonaventure,Small population centre,Que.,"1,447",741,717,2.85,507.9
Bromont,Small population centre,Que.,"5,345","3,090","2,505",7.92,674.9
Bromptonville,Small population centre,Que.,"3,862","1,615","1,569",6.64,581.7
Brownsburg,Small population centre,Que.,"1,315",682,635,1,"1,308.70"
Buckingham,Small population centre,Que.,"17,407","8,012","7,746",19.74,881.7
Cabano,Small population centre,Que.,"2,419","1,244","1,150",3.02,802.1
Cap-Saint-Ignace,Small population centre,Que.,"1,160",518,488,2.47,469.8
Cap-aux-Meules,Small population centre,Que.,"2,516","1,173","1,130",6.17,407.9
Carleton,Small population centre,Que.,"1,198",611,591,1.03,"1,166.60"
Causapscal,Small population centre,Que.,"1,013",556,510,1.77,570.7
Chandler,Small population centre,Que.,"2,189","1,136","1,082",1.93,"1,136.40"
Chapais,Small population centre,Que.,"1,289",625,572,1.03,"1,247.70"
Chibougamau,Small population centre,Que.,"6,491","3,200","2,895",6,"1,081.20"
Chicoutimi - Jonquière,Large urban population centre,Que.,"103,934","52,088","49,552",94.56,"1,099.10"
Chisasibi,Small population centre,Que.,"3,565",969,772,5.42,657.2
Château-Richer,Small population centre,Que.,"2,482","1,123","1,073",3.54,701.5
Châteauguay,Medium population centre,Que.,"75,891","30,928","30,221",50.48,"1,503.40"
Clermont,Small population centre,Que.,"2,693","1,309","1,258",3.72,723.3
Coaticook,Small population centre,Que.,"6,333","3,093","2,975",8.7,728.3
Contrecoeur,Small population centre,Que.,"7,768","3,446","3,346",6.25,"1,243.00"
Cowansville,Small population centre,Que.,"13,334","6,684","6,427",16.35,815.3
Crabtree,Small population centre,Que.,"2,802","1,209","1,172",2.02,"1,387.20"
Danville,Small population centre,Que.,"1,652",854,805,2.34,706.7
Daveluyville,Small population centre,Que.,"1,345",670,629,2.53,531.9
Disraeli,Small population centre,Que.,"2,228","1,266","1,175",2.59,859.3
Dolbeau,Small population centre,Que.,"10,849","5,346","5,017",10.49,"1,034.40"
Domaine-C.-L.-C.,Small population centre,Que.,"1,662",636,624,1.91,871.8
Domaine-Ouellet,Small population centre,Que.,"3,391","1,143","1,131",1.17,"2,910.20"
Donnacona,Small population centre,Que.,"8,952","4,145","4,015",9.78,915.1
Drummondville,Medium population centre,Que.,"72,089","34,938","33,834",52.3,"1,378.30"
Dégelis,Small population centre,Que.,"1,751",934,876,2.17,807.7
East Angus,Small population centre,Que.,"3,678","1,640","1,578",4.9,751.3
East Broughton,Small population centre,Que.,"1,866",880,842,1.57,"1,184.90"
Farnham,Small population centre,Que.,"7,869","3,758","3,538",5.93,"1,326.80"
Ferme-Neuve,Small population centre,Que.,"1,663",851,811,1.6,"1,037.40"
Fermont,Small population centre,Que.,"2,151","1,459",927,1.45,"1,484.00"
Filion,Small population centre,Que.,"3,572","1,425","1,406",3.49,"1,024.10"
Forestville,Small population centre,Que.,"2,193","1,209","1,131",2.9,756.8
Fort-Coulonge,Small population centre,Que.,"2,263",970,929,3.83,590.7
Fossambault-sur-le-Lac,Small population centre,Que.,"3,367","1,666","1,369",6.44,522.7
Gaspé,Small population centre,Que.,"2,803","1,377","1,322",4.95,566
Gentilly,Small population centre,Que.,"1,634",901,848,1.6,"1,018.30"
Godefroy,Small population centre,Que.,"1,463",633,615,0.79,"1,855.40"
Granby,Medium population centre,Que.,"62,624","30,176","29,320",48.39,"1,294.10"
Grande-Rivière,Small population centre,Que.,"1,330",733,698,3.31,401.3
Hauterive,Small population centre,Que.,"11,147","5,441","5,130",8.67,"1,285.50"
Havre-Saint-Pierre,Small population centre,Que.,"2,890","1,364","1,235",2.18,"1,323.60"
Hudson,Small population centre,Que.,"24,245","8,892","8,747",34.67,699.3
Huntingdon,Small population centre,Que.,"2,673","1,336","1,263",2.51,"1,063.80"
Inukjuak,Small population centre,Que.,"1,671",531,431,1.98,845.6
Joliette,Medium population centre,Que.,"49,246","24,181","23,066",39.03,"1,261.70"
Kingsey Falls,Small population centre,Que.,"1,419",596,580,2.77,512.4
Kuujjuaq,Small population centre,Que.,"1,958",910,709,2.46,797.1
L'Ange-Gardien,Small population centre,Que.,"1,720",695,677,1.47,"1,168.70"
L'Assomption,Small population centre,Que.,"16,443","6,837","6,722",11.63,"1,413.70"
L'Épiphanie,Small population centre,Que.,"7,607","3,152","3,073",10.1,753
La Malbaie,Small population centre,Que.,"3,534","1,990","1,725",3.97,890.2
La Pocatière,Small population centre,Que.,"3,921","2,095","1,884",5.22,751
La Sarre,Small population centre,Que.,"5,629","2,891","2,715",5.9,954.8
La Tuque,Small population centre,Que.,"7,464","4,041","3,742",6.33,"1,179.00"
Labelle,Small population centre,Que.,"1,244",637,597,2.77,448.3
Lac-Alouette,Small population centre,Que.,"4,687","2,010","1,945",6.78,691.5
Lac-Connelly,Small population centre,Que.,"1,272",697,591,2.16,590.2
Lac-Etchemin,Small population centre,Que.,"1,769",806,729,1.65,"1,070.00"
Lac-Lapierre,Small population centre,Que.,"2,533","1,090","1,034",2.6,972.8
Lac-Mégantic,Small population centre,Que.,"5,808","3,144","2,942",9.32,623.1
Lac-Simon,Small population centre,Que.,"1,134",286,285,2.25,503
Lachute,Small population centre,Que.,"11,221","5,477","5,250",9.59,"1,169.80"
Lacolle,Small population centre,Que.,"1,729",798,767,3.41,506.9
Laurentides,Small population centre,Que.,"15,768","6,224","6,032",12.78,"1,234.10"
Laurier-Station,Small population centre,Que.,"1,856",875,845,2.97,624.1
Lavaltrie,Small population centre,Que.,"11,301","4,683","4,583",7.03,"1,607.70"
Le Bic,Small population centre,Que.,"1,132",513,498,1.23,919.8
LeBlanc,Small population centre,Que.,"1,186",481,462,1.69,700.9
Lebel-sur-Quévillon,Small population centre,Que.,"1,931","1,071",864,2.33,828.5
Les Coteaux,Small population centre,Que.,"19,582","8,213","7,938",18.13,"1,080.20"
Les Cèdres,Small population centre,Que.,"2,214",925,904,1.79,"1,240.20"
Les Escoumins,Small population centre,Que.,"1,274",652,617,1.61,792.4
Linière,Small population centre,Que.,"1,400",632,614,1.61,872
Louiseville,Small population centre,Que.,"5,577","2,983","2,829",4,"1,394.40"
Luceville,Small population centre,Que.,"1,118",519,499,1.33,842.1
Macamic,Small population centre,Que.,"1,352",625,605,2,676
Magog,Small population centre,Que.,"22,222","11,572","10,774",19.57,"1,135.60"
Malartic,Small population centre,Que.,"2,996","1,464","1,332",1.68,"1,778.70"
Maliotenam,Small population centre,Que.,"1,458",486,475,0.8,"1,829.60"
Manawan,Small population centre,Que.,"1,597",315,271,0.86,"1,866.30"
Maniwaki,Small population centre,Que.,"4,094","2,302","2,055",6.05,677
Maria,Small population centre,Que.,"1,421",618,582,2.97,478.7
Marieville,Small population centre,Que.,"10,015","4,237","4,153",6.74,"1,485.70"
Maskinongé,Small population centre,Que.,"1,409",659,643,2.15,655.9
Matagami,Small population centre,Que.,"1,340",695,584,1.73,776.5
Matane,Small population centre,Que.,"10,371","5,756","5,416",10.16,"1,020.70"
Melocheville,Small population centre,Que.,"3,039","1,391","1,355",2.34,"1,296.80"
Mistissini,Small population centre,Que.,"3,190",938,843,3.05,"1,047.00"
Mont-Joli,Small population centre,Que.,"5,730","2,826","2,717",7.96,720.2
Mont-Laurier,Small population centre,Que.,"7,634","4,092","3,887",10.4,733.8
Mont-Saint-Grégoire,Small population centre,Que.,"1,021",388,374,1.4,730.9
Montagnac,Small population centre,Que.,"1,041",456,404,2.6,401.1
Montmagny,Small population centre,Que.,"8,881","4,766","4,528",6.73,"1,318.70"
Montreal,Large urban population centre,Que.,"3,675,219","1,667,662","1,581,599","1,382.47","2,658.50"
Métabetchouan,Small population centre,Que.,"2,222","1,016",966,2.52,882.5
Napierville,Small population centre,Que.,"4,740","2,047","1,927",5.8,817.3
Neuville,Small population centre,Que.,"2,543","1,125","1,079",3.98,639.4
New Richmond,Small population centre,Que.,"1,886",984,943,4.04,467.2
Nicolet,Small population centre,Que.,"6,083","2,704","2,593",6.03,"1,008.50"
Normandin,Small population centre,Que.,"1,880",918,872,1.93,975.1
Notre-Dame-du-Bon-Conseil,Small population centre,Que.,"1,149",492,478,1.39,828.2
Notre-Dame-du-Lac,Small population centre,Que.,"1,207",667,597,2.6,464.9
Notre-Dame-du-Mont-Carmel,Small population centre,Que.,"1,126",475,467,1.25,899.6
Obedjiwan,Small population centre,Que.,"1,259",277,272,0.63,"1,998.10"
Oka,Small population centre,Que.,"1,299",631,605,1,"1,301.60"
Ormstown,Small population centre,Que.,"1,785",832,798,2.06,866.5
Papineauville,Small population centre,Que.,"1,126",611,557,1.58,710.5
Parc-Boutin,Small population centre,Que.,"1,246",452,444,2.67,466.9
Pierreville,Small population centre,Que.,"1,863","1,010",945,2.92,638.8
Plessisville,Small population centre,Que.,"7,028","3,720","3,418",5.87,"1,197.70"
Pont-Rouge,Small population centre,Que.,"6,579","2,803","2,730",6.67,986.3
Port-Alfred-Bagotville,Small population centre,Que.,"13,350","6,518","6,270",13.11,"1,018.30"
Port-Cartier,Small population centre,Que.,"5,400","2,687","2,440",4.88,"1,105.80"
Portneuf,Small population centre,Que.,"2,107","1,125","1,061",3.11,676.9
Price,Small population centre,Que.,"1,640",755,722,1.89,866.8
Princeville,Small population centre,Que.,"4,396","2,096","2,020",3.97,"1,106.90"
Puvirnituq,Small population centre,Que.,"1,456",449,348,0.87,"1,674.50"
Quebec,Large urban population centre,Que.,"733,156","365,801","345,423",442.85,"1,655.50"
Rawdon,Small population centre,Que.,"5,680","2,864","2,700",7.68,739.7
Richmond,Small population centre,Que.,"3,079","1,634","1,528",5.37,573
Rigaud,Small population centre,Que.,"3,038","1,429","1,368",2.49,"1,221.10"
Rimouski,Medium population centre,Que.,"38,708","20,231","19,158",27.79,"1,392.70"
Rivière-Beaudette,Small population centre,Que.,"1,854",812,752,3.47,534.4
Rivière-au-Renard,Small population centre,Que.,"1,045",524,496,2.1,498.6
Rivière-du-Loup,Small population centre,Que.,"19,081","9,454","8,993",20.17,945.8
Roberval,Small population centre,Que.,"8,056","3,980","3,762",5.36,"1,503.40"
Rougemont,Small population centre,Que.,"1,668",723,709,3.33,500.4
Rouyn-Noranda,Small population centre,Que.,"23,186","12,414","11,534",22.18,"1,045.20"
Roxton Falls,Small population centre,Que.,"1,042",521,498,2.28,457.5
Roxton Pond,Small population centre,Que.,"2,701","1,195","1,122",3.28,823
Saint Grégoire,Small population centre,Que.,"1,651",719,694,1.4,"1,175.80"
Saint-Agapit,Small population centre,Que.,"3,168","1,399","1,359",2.26,"1,404.10"
Saint-Alexandre,Small population centre,Que.,"1,466",552,535,1.93,758.7
Saint-Alexandre,Small population centre,Que.,"1,342",503,491,1.29,"1,038.90"
Saint-Alexis-des-Monts,Small population centre,Que.,"1,503",868,787,3.37,446.2
Saint-Amable,Small population centre,Que.,"11,199","4,362","4,289",7.9,"1,417.80"
Saint-Ambroise,Small population centre,Que.,"1,651",723,700,0.89,"1,845.90"
Saint-Ambroise-de-Kildare,Small population centre,Que.,"1,883",765,755,2.47,763.8
Saint-André-Avellin,Small population centre,Que.,"1,642",813,777,2.38,688.7
Saint-Anselme,Small population centre,Que.,"2,729","1,219","1,166",3.35,814.2
Saint-Apollinaire,Small population centre,Que.,"4,933","2,095","2,049",4.43,"1,113.10"
Saint-Augustin,Small population centre,Que.,"11,769","4,655","4,568",11.35,"1,036.70"
Saint-Basile-Sud,Small population centre,Que.,"1,444",715,683,1.94,745.5
Saint-Bernard,Small population centre,Que.,"1,223",505,495,0.88,"1,394.80"
Saint-Boniface,Small population centre,Que.,"1,365",596,582,2.43,560.8
Saint-Bruno,Small population centre,Que.,"1,868",829,803,1.16,"1,616.90"
Saint-Charles,Small population centre,Que.,"1,357",602,585,1.38,983.4
Saint-Chrysostome,Small population centre,Que.,"1,171",550,510,1.44,814.2
Saint-Cyrille-de-Wendover,Small population centre,Que.,"1,315",545,522,0.94,"1,398.00"
Saint-Césaire,Small population centre,Que.,"3,869","1,769","1,699",2.35,"1,647.20"
Saint-Damase,Small population centre,Que.,"1,139",504,491,1.99,572.8
Saint-Damien-de-Buckland,Small population centre,Que.,"1,206",616,598,1.56,772.8
Saint-Denis,Small population centre,Que.,"1,048",500,485,1.07,978.1
Saint-Donat-de-Montcalm,Small population centre,Que.,"1,512","1,057",792,3.26,464.3
Saint-Elzéar,Small population centre,Que.,"1,152",476,467,0.66,"1,753.40"
Saint-Fabien,Small population centre,Que.,"1,067",526,499,1.53,698.1
Saint-Félicien,Small population centre,Que.,"6,751","3,419","3,222",8.58,786.6
Saint-Félix-de-Valois,Small population centre,Que.,"3,544","1,629","1,584",4.07,870.3
Saint-Gabriel,Small population centre,Que.,"3,068","1,653","1,505",3.54,866.6
Saint-Georges,Small population centre,Que.,"27,402","13,743","13,176",27.09,"1,011.30"
Saint-Germain-de-Grantham,Small population centre,Que.,"3,436","1,435","1,407",2.66,"1,291.70"
Saint-Gédéon,Small population centre,Que.,"1,439",673,641,2.42,595.4
Saint-Henri-de-Lévis,Small population centre,Que.,"1,761",794,777,0.95,"1,861.50"
Saint-Honoré,Small population centre,Que.,"2,394",975,957,1.99,"1,200.70"
Saint-Hyacinthe,Medium population centre,Que.,"50,616","25,081","23,974",30.8,"1,643.60"
Saint-Jacques,Small population centre,Que.,"2,647","1,209","1,174",3.31,800
Saint-Jean-Baptiste,Small population centre,Que.,"1,822",776,757,3.57,511
Saint-Jean-Port-Joli,Small population centre,Que.,"1,381",706,668,1.71,806.4
Saint-Jean-de-Matha,Small population centre,Que.,"1,121",546,488,2.33,480.6
Saint-Jean-sur-Richelieu,Medium population centre,Que.,"88,083","40,351","39,089",53.8,"1,637.30"
Saint-Joseph-de-Beauce,Small population centre,Que.,"3,494","1,629","1,562",4.3,812.4
Saint-Joseph-de-Lanoraie,Small population centre,Que.,"2,850","1,242","1,204",2.89,984.7
Saint-Jovite,Small population centre,Que.,"6,206","3,626","3,088",11.41,544
Saint-Jérôme,Large urban population centre,Que.,"100,859","46,659","45,071",96.97,"1,040.10"
Saint-Liboire,Small population centre,Que.,"1,844",682,675,2.15,856.2
Saint-Léonard-d'Aston,Small population centre,Que.,"1,469",681,657,1.6,918.9
Saint-Marc-des-Carrières,Small population centre,Que.,"2,005",963,927,2.61,768.6
Saint-Martin,Small population centre,Que.,"1,672",784,731,3.37,496.4
Saint-Michel,Small population centre,Que.,"1,745",608,598,1.06,"1,654.00"
Saint-Michel-de-Bellechasse,Small population centre,Que.,"1,243",593,536,1.89,656.1
Saint-Michel-des-Saints,Small population centre,Que.,"1,106",579,526,1.76,627.1
Saint-Pacôme,Small population centre,Que.,"1,145",410,388,1.16,985.4
Saint-Pascal,Small population centre,Que.,"2,534","1,162","1,116",3.35,756
Saint-Pie,Small population centre,Que.,"3,189","1,352","1,311",2.49,"1,281.50"
Saint-Polycarpe,Small population centre,Que.,"1,365",578,571,0.86,"1,595.90"
Saint-Prime,Small population centre,Que.,"1,069",486,462,1.05,"1,022.40"
Saint-Prosper,Small population centre,Que.,"2,006",940,922,2.23,897.6
Saint-Raphaël,Small population centre,Que.,"1,093",508,487,1.08,"1,013.40"
Saint-Raymond,Small population centre,Que.,"3,057","1,579","1,467",4.37,699.2
Saint-Roch-de-Richelieu,Small population centre,Que.,"1,031",463,448,1.49,690
Saint-Roch-de-l'Achigan,Small population centre,Que.,"2,136",877,857,1.41,"1,515.10"
Saint-Rémi,Small population centre,Que.,"7,025","3,065","2,986",4.01,"1,752.90"
Saint-Sauveur-des-Monts,Small population centre,Que.,"8,854","5,635","4,786",10.06,880.2
Saint-Sulpice,Small population centre,Que.,"1,769",760,745,1.17,"1,515.30"
Saint-Thomas,Small population centre,Que.,"1,589",691,674,1.63,975.3
Saint-Tite,Small population centre,Que.,"2,190","1,315","1,201",2.69,814.6
Saint-Éphrem-de-Tring,Small population centre,Que.,"1,373",636,600,1.98,692.5
Saint-Étienne-des-Grès,Small population centre,Que.,"1,455",609,594,2.42,600.4
Sainte-Adèle,Small population centre,Que.,"6,019","3,495","3,141",9.1,661.7
Sainte-Agathe-des-Monts - Val-David,Small population centre,Que.,"12,136","7,091","6,064",19.51,622.2
Sainte-Anne-des-Monts,Small population centre,Que.,"3,370","1,924","1,750",6.43,524.2
Sainte-Anne-des-Plaines,Small population centre,Que.,"11,269","4,560","4,482",4.07,"2,772.10"
Sainte-Brigitte-de-Laval,Small population centre,Que.,"4,872","1,953","1,887",6.07,802.7
Sainte-Catherine-de-la-Jacques-Cartier,Small population centre,Que.,"1,757",661,655,0.83,"2,129.70"
Sainte-Claire,Small population centre,Que.,"2,226","1,064","1,024",1.8,"1,238.70"
Sainte-Croix,Small population centre,Que.,"1,424",715,650,2.29,620.9
Sainte-Julienne,Small population centre,Que.,"3,469","1,698","1,553",6.49,534.2
Sainte-Justine,Small population centre,Que.,"1,079",483,454,1.18,915.7
Sainte-Madeleine,Small population centre,Que.,"1,989",886,863,2.38,834
Sainte-Marie,Small population centre,Que.,"10,716","4,614","4,519",10.65,"1,006.10"
Sainte-Martine,Small population centre,Que.,"4,412","1,928","1,891",3.48,"1,266.00"
Sainte-Thècle,Small population centre,Que.,"1,302",685,636,2.29,569.3
Salaberry-de-Valleyfield,Medium population centre,Que.,"41,655","20,450","19,596",33.93,"1,227.60"
Salluit,Small population centre,Que.,"1,107",327,292,0.76,"1,449.30"
Scott,Small population centre,Que.,"1,433",614,587,2.64,543.7
Senneterre,Small population centre,Que.,"2,212","1,211","1,134",3.07,721
Sept-Îles,Small population centre,Que.,"21,352","10,818","9,672",13.25,"1,612.00"
Shannon,Small population centre,Que.,"3,131","1,293","1,199",3.95,792
Shawinigan,Medium population centre,Que.,"38,930","21,798","20,127",31.77,"1,225.40"
Shawville,Small population centre,Que.,"1,329",624,578,1.89,703.4
Sherbrooke,Large urban population centre,Que.,"151,157","77,092","72,074",102.61,"1,473.10"
Sorel,Medium population centre,Que.,"36,650","18,639","17,887",30.61,"1,197.50"
Stanstead,Small population centre,Que.,"1,483",727,670,2.35,630.7
Stoneham,Small population centre,Que.,"1,905",719,695,2.68,710.4
Terrasse-des-Pins,Small population centre,Que.,"4,395","1,839","1,798",6.53,673.1
Thetford Mines,Small population centre,Que.,"17,046","8,606","8,069",15.1,"1,129.20"
Thurso,Small population centre,Que.,"2,833","1,397","1,315",3.07,924.2
Trois-Pistoles,Small population centre,Que.,"3,031","1,639","1,513",4.06,746.5
Trois-Rivieres,Large urban population centre,Que.,"128,057","65,496","62,077",98.58,"1,299.00"
Témiscaming,Small population centre,Que.,"1,308",719,640,1.24,"1,055.10"
Val-Maher,Small population centre,Que.,"1,674",636,628,2.98,562.2
Val-d'Or,Small population centre,Que.,"25,473","12,673","12,079",25.17,"1,011.90"
Valcourt,Small population centre,Que.,"1,805",923,879,2.97,608.3
Vallée-Jonction,Small population centre,Que.,"1,213",562,543,1.06,"1,141.20"
Varennes,Small population centre,Que.,"20,591","8,275","8,163",10.36,"1,987.50"
Venise-en-Québec,Small population centre,Que.,"1,069",668,539,1.43,748.5
Verchères,Small population centre,Que.,"4,359","1,875","1,827",2.99,"1,457.80"
Victoriaville,Medium population centre,Que.,"46,322","22,430","21,207",35.27,"1,313.50"
Ville Lambert,Small population centre,Que.,"2,544","1,086","1,054",2.67,951.8
Ville-Marie,Small population centre,Que.,"2,017","1,060","1,002",1.84,"1,096.90"
Warwick,Small population centre,Que.,"3,239","1,519","1,463",3.89,832.3
Waskaganish,Small population centre,Que.,"1,807",437,401,0.81,"2,227.00"
Waterloo,Small population centre,Que.,"4,727","2,322","2,168",7.74,611.1
Wemindji,Small population centre,Que.,"1,324",422,335,0.71,"1,861.40"
Whapmagoostui - Kuujjuarapik,Small population centre,Que.,"1,411",359,333,0.9,"1,559.80"
Windsor,Small population centre,Que.,"4,981","2,298","2,216",4.92,"1,012.40"
Yamachiche,Small population centre,Que.,"1,222",536,524,1.85,661.4
Évain,Small population centre,Que.,"2,329",913,899,1.97,"1,181.00"
Ontario 2,Province,Ont.,"14,223,942","5,929,250","5,491,201","892,411.76",15.9
Acton,Small population centre,Ont.,"9,377","3,585","3,519",7.84,"1,196.40"
Alexandria,Small population centre,Ont.,"2,906","1,478","1,416",2.07,"1,404.60"
Alfred,Small population centre,Ont.,"1,086",516,491,0.87,"1,254.90"
Alliston,Small population centre,Ont.,"23,253","8,968","8,739",18.78,"1,238.30"
Almonte,Small population centre,Ont.,"6,098","2,810","2,728",4.16,"1,466.60"
Amherstburg,Small population centre,Ont.,"15,177","6,210","6,050",13.7,"1,107.90"
Amigo Beach,Small population centre,Ont.,"1,924",822,734,2.57,747.7
Angus - Borden CFB-BFC,Small population centre,Ont.,"14,503","5,158","5,008",14.19,"1,022.00"
Arnprior,Small population centre,Ont.,"11,305","5,149","4,982",12.09,935.1
Arthur,Small population centre,Ont.,"2,628","1,043","1,007",4.24,619.4
Atikokan,Small population centre,Ont.,"1,929","1,043",912,2.37,815.1
Attawapiskat 91A,Small population centre,Ont.,"1,586",404,359,1.33,"1,189.40"
Aylmer,Small population centre,Ont.,"7,975","3,243","3,131",7.2,"1,107.80"
Ayr,Small population centre,Ont.,"5,383","1,871","1,841",5.76,934.4
Azilda,Small population centre,Ont.,"4,793","2,087","2,051",4.91,976.6
Ballantrae,Small population centre,Ont.,"3,224","1,494","1,455",7.06,456.4
Barrie,Large urban population centre,Ont.,"154,676","59,529","57,533",95.33,"1,622.50"
Barry's Bay,Small population centre,Ont.,"1,084",586,509,2.25,481.3
Bath,Small population centre,Ont.,"1,825",851,836,3.87,471.1
Bayfield,Small population centre,Ont.,"1,394","1,066",717,2.86,487.4
Beamsville,Small population centre,Ont.,"13,323","4,970","4,866",9.89,"1,347.80"
Beaverton,Small population centre,Ont.,"3,347","1,456","1,344",4.81,696.3
Beeton,Small population centre,Ont.,"4,151","1,533","1,510",2.5,"1,659.10"
Belleville,Medium population centre,Ont.,"75,052","33,827","32,433",89.48,838.7
Belmont,Small population centre,Ont.,"1,275",500,492,0.99,"1,284.60"
Big Bay Point,Small population centre,Ont.,"1,670","1,365",770,2.63,636
Binbrook,Small population centre,Ont.,"10,791","3,549","3,510",6.41,"1,684.50"
Blenheim,Small population centre,Ont.,"4,487","2,110","2,036",4.6,974.5
Blind River,Small population centre,Ont.,"2,174","1,142","1,068",3.82,569.7
Bobcaygeon,Small population centre,Ont.,"3,576","1,895","1,740",5.15,694.4
Bolton,Small population centre,Ont.,"26,795","9,158","8,823",20.71,"1,294.00"
Bourget,Small population centre,Ont.,"1,175",462,450,2.23,527.8
Bowmanville - Newcastle,Medium population centre,Ont.,"56,742","21,017","20,486",31.23,"1,816.80"
Bracebridge,Small population centre,Ont.,"9,884","4,470","4,269",13.38,738.5
Bradford,Medium population centre,Ont.,"38,128","12,210","11,809",16.1,"2,368.20"
Brantford,Large urban population centre,Ont.,"104,413","43,130","41,539",62.13,"1,680.60"
Bridgenorth - Chemong Park Area,Small population centre,Ont.,"3,072","1,321","1,208",6.98,439.9
Brighton,Small population centre,Ont.,"5,847","2,836","2,713",7.02,833.2
Brockville,Small population centre,Ont.,"22,293","11,163","10,710",18.7,"1,192.30"
Burford,Small population centre,Ont.,"1,058",449,440,2.01,525.3
Caledon,Small population centre,Ont.,"1,466",508,495,2.84,515.5
Caledon East,Small population centre,Ont.,"4,568","1,458","1,412",6.44,709.9
Caledonia,Small population centre,Ont.,"12,179","4,434","4,311",9.18,"1,326.70"
Campbellford,Small population centre,Ont.,"3,372","1,608","1,510",3.72,906.8
Cannington,Small population centre,Ont.,"1,839",757,727,1.81,"1,018.00"
Capreol,Small population centre,Ont.,"2,919","1,285","1,257",2.26,"1,294.20"
Cardinal,Small population centre,Ont.,"1,770",863,831,2.44,724.9
Carleton Place,Small population centre,Ont.,"13,940","5,876","5,741",12.89,"1,081.70"
Carlisle,Small population centre,Ont.,"1,858",636,626,2.56,725.4
Carp,Small population centre,Ont.,"1,477",558,552,2.05,721.6
Casselman,Small population centre,Ont.,"3,970","1,635","1,583",5.16,770
Cayuga,Small population centre,Ont.,"1,720",727,695,2.13,806.6
Chalk River,Small population centre,Ont.,"1,061",453,428,1.92,552.9
Chapleau,Small population centre,Ont.,"1,144",612,543,0.59,"1,929.50"
Chatham,Medium population centre,Ont.,"45,171","20,559","19,735",31.21,"1,447.40"
Chelmsford,Small population centre,Ont.,"6,199","2,826","2,729",5.5,"1,126.90"
Chesley,Small population centre,Ont.,"1,879",866,809,1.91,982.9
Chesterville,Small population centre,Ont.,"1,564",651,636,1.86,839.9
Chippawa,Small population centre,Ont.,"6,077","2,519","2,435",3.72,"1,633.80"
Claremont,Small population centre,Ont.,"1,215",413,402,2.12,573.6
Clinton,Small population centre,Ont.,"3,113","1,452","1,390",2.89,"1,075.30"
Cobourg,Small population centre,Ont.,"19,830","9,213","8,844",15.57,"1,273.20"
Cochrane,Small population centre,Ont.,"3,774","1,748","1,626",3.66,"1,031.70"
Colborne,Small population centre,Ont.,"1,474",696,668,1.74,847.6
Colchester,Small population centre,Ont.,"2,334","1,231","1,031",3.06,763.9
Collingwood,Small population centre,Ont.,"22,983","12,133","10,314",16.38,"1,403.10"
Coniston,Small population centre,Ont.,"1,782",778,752,2.25,793.4
Constance Bay,Small population centre,Ont.,"2,263","1,107",988,5.56,407
Cookstown,Small population centre,Ont.,"1,647",557,546,1.14,"1,440.60"
Cornwall,Medium population centre,Ont.,"47,286","21,999","21,189",32.4,"1,459.60"
Corunna,Small population centre,Ont.,"6,266","2,530","2,449",3.79,"1,654.50"
Craigleith and Swiss Meadows,Small population centre,Ont.,"1,259","1,182",614,3.08,409
Creemore,Small population centre,Ont.,"1,194",508,469,1.59,750.8
Crystal Beach,Small population centre,Ont.,"9,531","5,229","4,306",11.34,840.5
Deep River,Small population centre,Ont.,"3,860","1,852","1,748",4.31,896.2
Delhi,Small population centre,Ont.,"5,344","2,357","2,279",3.83,"1,394.20"
Deseronto,Small population centre,Ont.,"1,598",732,658,1.27,"1,258.90"
Dorchester,Small population centre,Ont.,"4,355","1,670","1,657",5.81,749.1
Dowling,Small population centre,Ont.,"1,449",575,561,1.35,"1,073.90"
Drayton,Small population centre,Ont.,"2,279",803,780,2.8,813.9
Dresden,Small population centre,Ont.,"2,401","1,070","1,039",2.78,863.3
Dryden,Small population centre,Ont.,"5,355","2,647","2,475",6.53,820.4
Dundalk,Small population centre,Ont.,"2,803","1,055",997,2.41,"1,161.80"
Dunnville,Small population centre,Ont.,"5,907","2,735","2,584",5.44,"1,086.80"
Durham,Small population centre,Ont.,"2,755","1,245","1,191",3.24,849.6
Dutton,Small population centre,Ont.,"1,658",687,668,2,830.5
Eganville,Small population centre,Ont.,"1,149",570,527,2.26,508.2
Elliot Lake,Small population centre,Ont.,"10,998","5,993","5,664",10.27,"1,071.40"
Elmira,Small population centre,Ont.,"10,790","4,173","4,103",8.15,"1,323.30"
Elmvale,Small population centre,Ont.,"2,520","1,064","1,037",1.98,"1,275.10"
Embrun,Small population centre,Ont.,"8,680","3,278","3,229",10.18,852.3
Englehart,Small population centre,Ont.,"1,371",684,648,1.31,"1,047.10"
Erin,Small population centre,Ont.,"2,725","1,035","1,008",4.1,664.9
Espanola,Small population centre,Ont.,"3,986","1,881","1,793",3.87,"1,030.50"
Essex,Small population centre,Ont.,"8,233","3,411","3,304",5.56,"1,481.10"
Everett,Small population centre,Ont.,"1,570",553,540,1.58,992
Exeter,Small population centre,Ont.,"4,863","2,200","2,139",4.39,"1,107.20"
Factory Island,Small population centre,Ont.,"1,530",605,474,1.44,"1,065.50"
Fenelon Falls,Small population centre,Ont.,"2,490","1,466","1,183",3.98,625.7
Fergus,Small population centre,Ont.,"23,209","9,403","9,158",18.31,"1,267.60"
Forest,Small population centre,Ont.,"2,429","1,128","1,085",2.33,"1,042.80"
Fort Erie,Small population centre,Ont.,"15,372","6,856","6,486",14.62,"1,051.80"
Fort Frances,Small population centre,Ont.,"7,159","3,631","3,311",7.29,982.2
Frankford,Small population centre,Ont.,"3,079","1,308","1,268",2.91,"1,056.90"
Gananoque,Small population centre,Ont.,"5,383","2,767","2,562",7.01,768.4
Georgetown,Medium population centre,Ont.,"44,058","15,501","15,266",25.7,"1,714.00"
Geraldton,Small population centre,Ont.,"1,761",889,798,2.64,666.8
Glencoe,Small population centre,Ont.,"2,158",992,956,2.66,810
Goderich,Small population centre,Ont.,"7,728","3,811","3,591",4.51,"1,712.30"
Golden,Small population centre,Ont.,"1,143",509,456,0.93,"1,229.70"
Grand Bend,Small population centre,Ont.,"3,031","2,498","1,605",6.39,474.3
Grand Valley,Small population centre,Ont.,"2,720","1,021",999,2.88,945.9
Gravenhurst,Small population centre,Ont.,"5,789","2,732","2,569",6.32,916.1
Guelph,Large urban population centre,Ont.,"144,356","59,899","56,666",79.57,"1,814.30"
Hagersville,Small population centre,Ont.,"3,059","1,326","1,289",3.15,971.5
Haileybury,Small population centre,Ont.,"3,247","1,558","1,449",3,"1,080.60"
Haliburton Village,Small population centre,Ont.,"1,078",557,514,2.2,491.1
Hamilton,Large urban population centre,Ont.,"729,560","300,424","288,383",356.03,"2,049.20"
Hanover,Small population centre,Ont.,"7,761","3,690","3,348",7.14,"1,086.60"
Harriston,Small population centre,Ont.,"1,887",732,702,1.3,"1,446.10"
Harrow,Small population centre,Ont.,"2,562","1,039","1,012",2.86,897.1
Hastings,Small population centre,Ont.,"1,388",714,639,2.15,644.5
Havelock,Small population centre,Ont.,"1,055",486,443,1.15,915.5
Hawkesbury,Small population centre,Ont. / Que.,"11,755","6,139","5,867",10.82,"1,086.40"
Hawkesbury (Ontario part),Small population centre,Ont.,"9,975","5,208","4,983",8.34,"1,195.60"
Hawkesbury (Quebec part),Small population centre,Que.,"1,780",931,884,2.48,718.8
Hearst,Small population centre,Ont.,"3,537","1,775","1,691",5.02,704.4
Hensall,Small population centre,Ont.,"1,126",468,453,1.86,603.9
Horseshoe Valley,Small population centre,Ont.,"1,127",418,407,2.68,420.6
Huntsville,Small population centre,Ont.,"6,639","3,206","2,971",8.73,760.6
Ilderton,Small population centre,Ont.,"2,250",793,785,1.19,"1,893.90"
Ingersoll,Small population centre,Ont.,"13,607","5,594","5,435",10.32,"1,318.70"
Ingleside,Small population centre,Ont.,"1,487",670,657,1.76,846
Innerkip,Small population centre,Ont.,"1,342",491,486,1.47,914.2
Innisfil,Small population centre,Ont.,"29,464","11,265","10,475",23.71,"1,242.50"
Iroquois,Small population centre,Ont.,"1,406",663,650,2.01,698.6
Iroquois Falls,Small population centre,Ont.,"2,866","1,422","1,351",1.56,"1,834.50"
Jarvis,Small population centre,Ont.,"1,214",439,427,0.56,"2,159.80"
Kanata,Large urban population centre,Ont.,"137,118","49,662","48,713",62.35,"2,199.20"
Kapuskasing,Small population centre,Ont.,"7,092","3,723","3,395",8.63,822.1
Kasabonika Lake,Small population centre,Ont.,"1,060",252,228,1.13,934.3
Kemptville,Small population centre,Ont.,"4,051","1,851","1,796",3.73,"1,085.90"
Kenora,Small population centre,Ont.,"10,974","5,534","4,958",15.25,719.6
Keswick - Elmhurst Beach,Small population centre,Ont.,"27,145","10,284","9,841",16.56,"1,639.20"
Kincardine,Small population centre,Ont.,"9,343","4,574","3,995",9.59,973.9
King,Small population centre,Ont.,"8,396","2,730","2,662",14.2,591.1
Kingston,Large urban population centre,Ont.,"127,943","61,662","56,450",83.43,"1,533.60"
Kirkland Lake,Small population centre,Ont.,"6,180","3,581","3,082",4.17,"1,480.70"
Kitchener,Large urban population centre,Ont.,"522,888","210,386","200,052",296.45,"1,763.80"
L'Orignal,Small population centre,Ont.,"1,359",636,595,2.91,467.6
Lakefield,Small population centre,Ont.,"2,943","1,371","1,321",2.69,"1,093.70"
Leamington,Medium population centre,Ont.,"35,730","14,121","13,495",31.77,"1,124.70"
Limoges,Small population centre,Ont.,"2,213",805,797,1.22,"1,807.30"
Lindsay,Small population centre,Ont.,"22,367","10,300","9,821",15.57,"1,436.70"
Listowel,Small population centre,Ont.,"9,539","4,023","3,910",6.73,"1,417.00"
Little Current,Small population centre,Ont.,"1,210",728,565,2.23,542.6
Lively,Small population centre,Ont.,"5,569","2,261","2,154",11.67,477.2
London,Large urban population centre,Ont.,"423,369","186,675","174,961",244.97,"1,728.30"
Long Sault,Small population centre,Ont.,"2,154",896,876,2.35,917.1
Longlac,Small population centre,Ont.,"1,316",650,562,1.74,756.7
Lucan,Small population centre,Ont.,"3,089","1,215","1,185",2.01,"1,534.70"
Lucknow,Small population centre,Ont.,"1,154",506,486,1.69,683.2
Madoc,Small population centre,Ont.,"1,489",744,701,2.19,680.2
Manitouwadge,Small population centre,Ont.,"1,682",924,795,2.35,715.5
Manotick Station,Small population centre,Ont.,"5,873","2,028","2,007",9.09,646
Marathon,Small population centre,Ont.,"3,022","1,527","1,354",4.33,698.4
Marchmont - Bass Lake,Small population centre,Ont.,"1,902",744,677,4.09,464.9
Markdale,Small population centre,Ont.,"1,206",598,564,2.3,524.8
Marmora,Small population centre,Ont.,"1,499",729,661,2.15,697.2
Mattawa,Small population centre,Ont.,"1,721",825,763,2.13,809.6
McGregor,Small population centre,Ont.,"1,536",620,608,3.32,462.5
Meaford,Small population centre,Ont.,"5,078","2,651","2,424",5.9,861
Merrickville,Small population centre,Ont.,"1,036",498,472,2,516.9
Metcalfe,Small population centre,Ont.,"1,811",673,663,2.19,826.7
Midland,Small population centre,Ont.,"26,246","11,874","11,149",27.41,957.5
Mildmay,Small population centre,Ont.,"1,222",536,509,1.6,765.2
Millbrook,Small population centre,Ont.,"1,739",654,635,2.07,840.8
Milton,Large urban population centre,Ont.,"124,579","37,981","37,179",45.2,"2,755.90"
Milverton,Small population centre,Ont.,"1,797",711,686,1.33,"1,356.00"
Mississauga Beach,Small population centre,Ont.,"5,293","2,822","2,477",5.81,910.4
Mitchell,Small population centre,Ont.,"4,868","1,996","1,950",5.08,958.6
Moosonee,Small population centre,Ont.,"1,471",612,475,1.64,898.8
Morrisburg,Small population centre,Ont.,"2,398","1,065","1,022",1.36,"1,759.50"
Mount Albert,Small population centre,Ont.,"5,695","1,968","1,930",4.67,"1,218.40"
Mount Brydges,Small population centre,Ont.,"2,656","1,001",965,5.5,482.8
Mount Forest,Small population centre,Ont.,"5,040","2,250","2,174",3.73,"1,352.90"
Munster,Small population centre,Ont.,"1,145",429,425,0.67,"1,707.70"
Napanee,Small population centre,Ont.,"8,173","3,562","3,424",7.92,"1,032.30"
New Dundee,Small population centre,Ont.,"1,174",440,430,1.53,767.4
New Hamburg,Small population centre,Ont.,"14,379","5,399","5,315",15.75,913
New Liskeard,Small population centre,Ont.,"4,232","2,023","1,908",7.02,602.9
Nobleton,Small population centre,Ont.,"6,507","1,919","1,889",8.58,758
North Bay,Medium population centre,Ont.,"51,433","24,491","23,008",64.91,792.4
Norwich,Small population centre,Ont.,"3,038","1,195","1,158",2.69,"1,127.30"
Norwood,Small population centre,Ont.,"1,585",620,601,1.99,794.8
Omemee,Small population centre,Ont.,"1,060",451,431,2.12,499.8
Orangeville,Medium population centre,Ont.,"34,177","12,520","12,259",19.77,"1,728.90"
Orillia,Medium population centre,Ont.,"33,379","15,416","14,410",22.68,"1,471.70"
Oro Station - Hawkestone,Small population centre,Ont.,"1,806",806,710,2.22,813.3
Orono,Small population centre,Ont.,"1,104",437,428,1.36,814.2
Osgoode,Small population centre,Ont.,"2,535",949,935,2.97,852.2
Oshawa,Large urban population centre,Ont.,"335,949","124,322","120,661",159.79,"2,102.40"
Ottawa,Large urban population centre,Ont. / Que.,"1,068,821","470,979","446,411",549.49,"1,945.10"
Ottawa - Gatineau (Ontario part),Large urban population centre,Ont.,"797,252","346,772","328,727",357.18,"2,232.10"
Ottawa - Gatineau (Quebec part),Large urban population centre,Que.,"271,569","124,207","117,684",192.31,"1,412.10"
Owen Sound,Small population centre,Ont.,"22,318","10,647","10,133",20.86,"1,069.60"
Paisley,Small population centre,Ont.,"1,061",526,489,1.8,590.5
Palgrave,Small population centre,Ont.,"1,107",428,416,1.84,602.6
Palmerston,Small population centre,Ont.,"2,989","1,220","1,184",2.54,"1,177.30"
Paris,Small population centre,Ont.,"14,956","5,838","5,657",13.55,"1,103.60"
Parkhill,Small population centre,Ont.,"1,707",732,692,2.45,696.4
Parry Sound,Small population centre,Ont.,"6,788","3,468","3,160",7.95,853.4
Pembroke,Small population centre,Ont.,"16,571","7,848","7,463",17.47,948.5
Perth,Small population centre,Ont.,"6,486","3,281","3,163",9.39,690.4
Petawawa,Small population centre,Ont.,"14,382","5,593","5,292",16.01,898.4
Peterborough,Medium population centre,Ont.,"84,793","38,472","36,429",54.58,"1,553.70"
Petrolia,Small population centre,Ont.,"5,632","2,372","2,313",6.29,895.9
Picton,Small population centre,Ont.,"4,508","2,567","2,277",5.43,830.4
Plattsville,Small population centre,Ont.,"1,520",546,539,1.37,"1,106.40"
Porcupine,Small population centre,Ont.,"5,832","2,620","2,467",5.78,"1,009.30"
Port Colborne,Small population centre,Ont.,"15,441","7,085","6,835",13.29,"1,161.60"
Port Dover,Small population centre,Ont.,"7,871","4,028","3,696",8.12,969.4
Port Elgin,Small population centre,Ont.,"9,619","4,540","4,047",8.03,"1,197.70"
Port Hope,Small population centre,Ont.,"13,012","5,901","5,692",12.72,"1,023.10"
Port Perry,Small population centre,Ont.,"9,553","3,855","3,741",8.76,"1,090.20"
Port Rowan,Small population centre,Ont.,"1,357",739,707,3.17,428.3
Port Stanley,Small population centre,Ont.,"3,008","1,702","1,409",3.78,796.1
Powassan,Small population centre,Ont.,"1,241",509,483,1.68,739.2
Prescott,Small population centre,Ont.,"4,078","1,992","1,888",4.02,"1,015.10"
Red Lake,Small population centre,Ont.,"1,263",610,566,1.54,819.2
Renfrew,Small population centre,Ont.,"8,337","4,188","4,012",12.14,686.6
Richmond,Small population centre,Ont.,"4,228","1,586","1,564",4.1,"1,031.80"
Ridgetown,Small population centre,Ont.,"2,797","1,371","1,293",2.73,"1,026.10"
Rockland,Small population centre,Ont.,"13,625","5,477","5,368",8.15,"1,671.10"
Rockwood,Small population centre,Ont.,"5,488","2,044","1,970",5.92,926.5
Russell,Small population centre,Ont.,"6,135","2,301","2,275",4.56,"1,344.50"
Sandy Lake 88,Small population centre,Ont.,"1,601",426,376,1.35,"1,184.40"
Sarnia,Medium population centre,Ont.,"73,944","34,738","32,893",60.53,"1,221.50"
Sault Ste. Marie,Medium population centre,Ont.,"64,923","31,864","29,743",52.97,"1,225.80"
Schomberg,Small population centre,Ont.,"2,656","1,059","1,030",2.39,"1,111.80"
Seaforth,Small population centre,Ont.,"2,673","1,248","1,202",2.79,957.9
Shelburne,Small population centre,Ont.,"8,989","3,147","3,023",5.71,"1,574.60"
Simcoe,Small population centre,Ont.,"16,121","7,406","7,118",16.5,977
Sioux Lookout,Small population centre,Ont.,"3,781","1,724","1,554",6.32,598.2
Smiths Falls,Small population centre,Ont.,"9,517","4,629","4,411",6.71,"1,418.90"
Smithville,Small population centre,Ont.,"6,456","2,378","2,339",6.11,"1,056.20"
Southampton,Small population centre,Ont.,"3,993","2,588","1,888",6.43,620.7
St. Catharines,Large urban population centre,Ont.,"242,460","106,697","101,120",140.59,"1,724.50"
St. Clements,Small population centre,Ont.,"1,240",463,456,1.51,821.1
St. George,Small population centre,Ont.,"3,354","1,262","1,246",2.97,"1,130.80"
St. Jacobs,Small population centre,Ont.,"1,959",740,727,2.81,697.5
St. Marys,Small population centre,Ont.,"7,271","3,158","3,072",10.09,720.4
St. Thomas,Medium population centre,Ont.,"45,732","19,671","19,123",28.1,"1,627.20"
Stayner,Small population centre,Ont.,"4,699","1,864","1,806",4.83,973.2
Stevensville,Small population centre,Ont.,"1,316",546,512,2.52,522.3
Stirling,Small population centre,Ont.,"2,074",863,832,3.03,684
Stoney Point,Small population centre,Ont.,"1,394",622,558,2.46,567.6
Stouffville,Medium population centre,Ont.,"36,753","12,078","11,875",14.17,"2,593.60"
Stratford,Medium population centre,Ont.,"32,878","15,237","14,599",23.3,"1,411.20"
Strathroy,Small population centre,Ont.,"16,056","6,713","6,553",15.3,"1,049.60"
Sturgeon Falls,Small population centre,Ont.,"6,939","3,336","3,197",6.15,"1,128.70"
Sudbury,Medium population centre,Ont.,"92,093","44,970","41,857",75.79,"1,215.10"
Sunderland,Small population centre,Ont.,"1,490",561,537,1.13,"1,318.10"
Sutton,Small population centre,Ont.,"8,477","3,746","3,379",12.55,675.6
Tavistock,Small population centre,Ont.,"3,171","1,288","1,256",2.64,"1,200.80"
Tay,Small population centre,Ont.,"6,188","2,767","2,499",8.64,716.3
Thamesford,Small population centre,Ont.,"2,622",953,939,2.76,949.6
Thessalon,Small population centre,Ont.,"1,147",546,509,1.88,611
Thornbury,Small population centre,Ont.,"3,474","2,121","1,638",5.87,592.2
Thornton,Small population centre,Ont.,"1,046",363,358,1.11,946.5
Thunder Bay,Medium population centre,Ont.,"95,266","45,751","43,291",76.03,"1,253.00"
Tilbury,Small population centre,Ont.,"4,687","1,948","1,901",4.14,"1,131.10"
Tillsonburg,Small population centre,Ont.,"18,573","8,479","8,215",18.97,979.2
Timmins,Small population centre,Ont.,"28,874","13,801","12,757",18.49,"1,561.30"
Tiny Beaches North,Small population centre,Ont.,"1,065",850,490,2.28,466.8
Toronto,Large urban population centre,Ont.,"5,647,656","2,201,935","2,077,579","1,829.05","3,087.70"
Tottenham,Small population centre,Ont.,"9,609","3,334","3,264",9.93,968
Tweed,Small population centre,Ont.,"1,541",779,690,2.5,617.3
Uxbridge,Small population centre,Ont.,"11,794","4,651","4,528",15.46,762.7
Valley East,Small population centre,Ont.,"17,251","6,673","6,536",25.82,668.1
Vankleek Hill,Small population centre,Ont.,"1,781",896,855,2.23,797.9
Vineland,Small population centre,Ont.,"4,395","1,857","1,820",5.8,757.7
Virgil,Small population centre,Ont.,"3,008","1,295","1,235",2.41,"1,245.80"
Walkerton,Small population centre,Ont.,"4,724","2,149","1,984",3.9,"1,210.80"
Wallaceburg,Small population centre,Ont.,"10,323","4,759","4,556",8.84,"1,167.40"
Wasaga Beach,Small population centre,Ont.,"22,194","12,134","9,518",28.21,786.8
Waterford,Small population centre,Ont.,"4,227","1,823","1,768",3.51,"1,203.20"
Watford,Small population centre,Ont.,"1,563",648,613,1.17,"1,337.40"
Wawa,Small population centre,Ont.,"2,431","1,207","1,097",1.76,"1,380.10"
Welland - Pelham,Medium population centre,Ont.,"69,302","29,874","28,828",57.21,"1,211.40"
Wellesley,Small population centre,Ont.,"3,536","1,222","1,206",1.67,"2,114.60"
Wellington,Small population centre,Ont.,"1,526",955,819,3.3,462.6
Wendover,Small population centre,Ont.,"2,176",879,858,3.58,608
West Lorne,Small population centre,Ont.,"1,385",624,590,1.81,763.3
Wheatley,Small population centre,Ont.,"3,060","1,032",996,3.4,898.8
Wiarton,Small population centre,Ont.,"1,996","1,058",978,2.36,847.4
Wikwemikong,Small population centre,Ont.,"1,417",556,522,3.44,411.6
Winchester,Small population centre,Ont.,"2,417","1,108","1,075",2.26,"1,068.30"
Windsor,Large urban population centre,Ont.,"306,519","127,879","121,732",184.96,"1,657.20"
Wingham,Small population centre,Ont.,"2,981","1,408","1,338",2.47,"1,206.50"
Woodstock,Medium population centre,Ont.,"46,296","19,384","18,747",34.41,"1,345.60"
Wyoming,Small population centre,Ont.,"2,348",971,947,4.59,511.8
Manitoba 2,Province,Man.,"1,342,153","571,528","518,054","540,310.19",2.5
Altona,Small population centre,Man.,"4,227","1,759","1,699",4.8,880.4
Arborg,Small population centre,Man.,"1,279",528,497,2,639.6
Beausejour,Small population centre,Man.,"3,123","1,475","1,397",3.11,"1,003.10"
Blumenort,Small population centre,Man.,"1,738",578,564,3.17,548.2
Boissevain,Small population centre,Man.,"1,567",733,697,2.54,618.1
Brandon,Medium population centre,Man.,"50,532","22,320","21,003",28.73,"1,759.10"
Carberry,Small population centre,Man.,"1,823",850,797,2.4,759.9
Carman,Small population centre,Man.,"2,970","1,395","1,332",2.85,"1,042.10"
Chemawawin 2,Small population centre,Man.,"1,163",356,250,1.51,768
Cross Lake 19,Small population centre,Man.,"1,387",341,297,3.05,455.2
Cross Lake 19A,Small population centre,Man.,"1,826",435,381,3.3,553.9
Dauphin,Small population centre,Man.,"8,034","3,877","3,619",7.95,"1,010.40"
Flin Flon,Small population centre,Man. / Sask.,"4,722","2,441","2,180",3.74,"1,262.50"
Flin Flon (Manitoba part),Small population centre,Man.,"4,640","2,383","2,142",3.58,"1,295.90"
Flin Flon (Saskatchewan part),Small population centre,Sask.,82,58,38,0.16,514.1
Gimli,Small population centre,Man.,"2,345","1,508","1,119",3.02,775.7
Grunthal,Small population centre,Man.,"1,782",636,618,2.7,661.2
Ile des Chênes,Small population centre,Man.,"1,572",647,624,1.83,858.1
Killarney,Small population centre,Man.,"2,499","1,134","1,026",3.45,724.4
La Broquerie,Small population centre,Man.,"1,332",502,479,2.98,447
La Salle,Small population centre,Man.,"2,471",784,772,3,823.9
Lac du Bonnet,Small population centre,Man.,"1,064",549,496,2.26,470.7
Landmark,Small population centre,Man.,"1,284",458,442,2.22,579.1
Lorette,Small population centre,Man.,"3,230","1,167","1,134",3.15,"1,027.00"
Minnedosa,Small population centre,Man.,"2,407","1,137","1,063",2.23,"1,079.80"
Mitchell,Small population centre,Man.,"3,136",965,940,4.08,768.7
Morden,Small population centre,Man.,"9,103","3,871","3,714",8.53,"1,066.90"
Morris,Small population centre,Man.,"1,801",786,745,2.26,797.4
Neepawa,Small population centre,Man.,"4,938","1,681","1,615",2.36,"2,094.90"
Nelson House 170,Small population centre,Man.,"1,351",273,260,2.7,500.4
Niverville,Small population centre,Man.,"5,593","1,866","1,833",4.23,"1,323.00"
Oak Bluff,Small population centre,Man.,"1,442",481,475,2.52,572.3
Oakbank,Small population centre,Man.,"5,041","1,760","1,716",5.39,935.4
Pinawa,Small population centre,Man.,"1,512",755,684,2.14,707
Portage la Prairie,Small population centre,Man.,"12,944","5,980","5,518",9.93,"1,303.90"
Roblin,Small population centre,Man.,"1,603",855,774,2.71,590.6
Russell,Small population centre,Man.,"1,622",760,684,1.9,853.1
Selkirk,Small population centre,Man.,"9,761","4,383","4,180",5.93,"1,646.40"
Shilo CFB-BFC,Small population centre,Man.,"1,362",640,545,1.25,"1,090.70"
Souris,Small population centre,Man.,"1,935",938,850,2.5,772.6
St-Pierre-Jolys,Small population centre,Man.,"1,305",518,508,2.61,500.5
St. Adolphe,Small population centre,Man.,"1,595",582,578,1.74,915.8
St. Andrews,Small population centre,Man.,"1,001",387,382,2.33,430.1
St. Theresa Point,Small population centre,Man.,"1,083",206,191,1.53,705.8
Ste. Anne,Small population centre,Man.,"2,891","1,204","1,151",4.14,699
Steinbach,Small population centre,Man.,"17,589","7,004","6,751",17.8,988
Stonewall,Small population centre,Man.,"5,046","2,127","2,051",5.96,846.4
Stony Mountain,Small population centre,Man.,"2,160",507,490,1.99,"1,086.50"
Swan River,Small population centre,Man.,"3,989","1,994","1,801",5.73,696.1
Teulon,Small population centre,Man.,"1,087",543,501,1.87,580.9
The Pas,Small population centre,Man.,"7,302","2,784","2,568",8.4,869.4
Thompson,Small population centre,Man.,"12,329","5,222","4,472",7.81,"1,578.90"
Virden,Small population centre,Man.,"2,904","1,413","1,317",2.33,"1,245.50"
Wasagamack,Small population centre,Man.,"1,689",341,341,3.66,461
Winkler,Small population centre,Man.,"15,335","5,659","5,498",19.02,806.4
Winnipeg,Large urban population centre,Man.,"758,515","318,706","303,646",356.99,"2,124.70"
Saskatchewan 2,Province,Sask.,"1,132,505","513,725","449,581","577,060.40",2
Assiniboia,Small population centre,Sask.,"2,333","1,235","1,069",2.39,978
Balgonie,Small population centre,Sask.,"1,736",619,612,1.34,"1,298.70"
Battleford,Small population centre,Sask.,"3,651","1,619","1,513",2.14,"1,705.80"
Biggar,Small population centre,Sask.,"2,045",996,911,1.51,"1,354.30"
Birch Hills,Small population centre,Sask.,"1,066",475,450,2.39,446.6
Canora,Small population centre,Sask.,"1,763",948,829,1.66,"1,059.70"
Carlyle,Small population centre,Sask.,"1,519",682,618,2.16,703.5
Carnduff,Small population centre,Sask.,"1,125",520,423,0.97,"1,161.40"
Caronport,Small population centre,Sask.,"1,008",368,323,0.99,"1,014.40"
Dalmeny,Small population centre,Sask.,"1,703",606,594,1.5,"1,137.80"
Davidson,Small population centre,Sask.,"1,039",517,461,1.8,576.7
Delisle,Small population centre,Sask.,"1,024",460,426,1.08,949.6
Esterhazy,Small population centre,Sask.,"2,191","1,288","1,000",2.47,888
Estevan,Small population centre,Sask.,"10,629","5,258","4,493",9.43,"1,127.60"
Foam Lake,Small population centre,Sask.,"1,070",525,488,1.41,761.1
Fort Qu'Appelle,Small population centre,Sask.,"1,866",881,802,2.09,892.4
Hudson Bay,Small population centre,Sask.,"1,332",748,665,1.3,"1,025.50"
Humboldt,Small population centre,Sask.,"5,313","2,374","2,182",3.48,"1,525.90"
Indian Head,Small population centre,Sask.,"1,819",862,795,1.73,"1,054.30"
Kamsack,Small population centre,Sask.,"1,659",841,734,1.6,"1,034.90"
Kindersley,Small population centre,Sask.,"2,938","1,501","1,294",1.79,"1,643.80"
La Loche,Small population centre,Sask.,"2,009",604,555,1.55,"1,292.10"
La Ronge,Small population centre,Sask.,"5,317","1,797","1,630",8.76,606.8
Langham,Small population centre,Sask.,"1,349",525,494,0.88,"1,530.50"
Lanigan,Small population centre,Sask.,"1,277",587,521,1.83,696.7
Lumsden,Small population centre,Sask.,"1,800",732,700,4.09,440.6
Macklin,Small population centre,Sask.,"1,098",485,442,0.76,"1,435.90"
Maple Creek,Small population centre,Sask.,"2,151","1,075",980,1.57,"1,372.40"
Martensville,Small population centre,Sask.,"10,499","3,789","3,631",5.48,"1,915.80"
Meadow Lake,Small population centre,Sask.,"5,141","2,042","1,857",3.28,"1,567.80"
Melfort,Small population centre,Sask.,"5,718","2,702","2,494",4.33,"1,319.10"
Melville,Small population centre,Sask.,"4,075","2,152","1,948",2.84,"1,434.50"
Moose Jaw,Medium population centre,Sask.,"32,813","15,814","14,417",22.14,"1,481.80"
Moosomin,Small population centre,Sask.,"2,478","1,159","1,056",1.93,"1,284.80"
Nipawin,Small population centre,Sask.,"4,147","1,880","1,737",3.37,"1,231.60"
North Battleford,Small population centre,Sask.,"13,649","6,273","5,625",8.67,"1,575.20"
Osler,Small population centre,Sask.,"1,251",429,420,1.62,771.7
Outlook,Small population centre,Sask.,"2,112",984,931,2.82,749.3
Oxbow,Small population centre,Sask.,"1,051",475,409,1.19,883.4
Pelican Narrows,Small population centre,Sask.,"2,133",432,405,2.73,781.9
Pilot Butte,Small population centre,Sask.,"2,364",883,853,2.75,858.7
Prince Albert,Medium population centre,Sask.,"36,768","15,188","14,017",21.37,"1,720.20"
Regina,Large urban population centre,Sask.,"224,996","98,426","91,485",105.61,"2,130.40"
Regina Beach,Small population centre,Sask.,"1,790","1,272",836,2.72,657.2
Rosetown,Small population centre,Sask.,"2,384","1,171","1,064",1.89,"1,260.90"
Rosthern,Small population centre,Sask.,"1,475",628,587,1.68,877.1
Sandy Bay - Wapaskokimaw 202,Small population centre,Sask.,"1,104",288,233,2.68,412
Saskatoon,Large urban population centre,Sask.,"264,637","115,029","106,542",134.63,"1,965.60"
Shaunavon,Small population centre,Sask.,"1,769",918,794,1.73,"1,019.80"
Shellbrook,Small population centre,Sask.,"1,330",626,594,1.41,944.3
Stanley Mission 157,Small population centre,Sask.,"1,987",559,523,2.69,739.7
Swift Current,Small population centre,Sask.,"16,304","7,682","7,038",14.69,"1,110.20"
Tisdale,Small population centre,Sask.,"2,878","1,569","1,338",2.8,"1,026.20"
Unity,Small population centre,Sask.,"2,406","1,110","1,014",2.42,992.3
Wadena,Small population centre,Sask.,"1,127",598,540,1.48,763.7
Waldheim,Small population centre,Sask.,"1,113",405,387,0.99,"1,127.50"
Warman,Small population centre,Sask.,"12,362","4,292","4,144",7.65,"1,616.00"
Watrous,Small population centre,Sask.,"1,817",898,841,1.96,927.7
Weyburn,Small population centre,Sask.,"10,883","5,085","4,604",8.51,"1,279.00"
White City,Small population centre,Sask.,"4,713","1,547","1,520",6.32,745.3
Wilkie,Small population centre,Sask.,"1,124",556,497,1.51,743.3
Wynyard,Small population centre,Sask.,"1,667",888,787,1.66,"1,005.30"
Yorkton,Small population centre,Sask.,"15,969","7,398","6,845",10.68,"1,495.50"
Alberta 2,Province,Alta.,"4,262,635","1,772,670","1,633,220","634,658.27",6.7
Airdrie,Medium population centre,Alta.,"73,578","26,853","26,124",33.03,"2,227.30"
Alberta Beach - Val Quentin,Small population centre,Alta.,"1,103","1,051",528,1.69,651.2
Athabasca,Small population centre,Alta.,"1,181",602,521,2.03,581.1
Banff,Small population centre,Alta.,"8,305","3,287","2,930",4.08,"2,033.80"
Barrhead,Small population centre,Alta.,"4,055","1,874","1,731",4.73,857.4
Bassano,Small population centre,Alta.,"1,186",583,531,1.33,894.9
Beaumont,Small population centre,Alta.,"20,779","7,124","6,907",10.4,"1,998.20"
Beaverlodge,Small population centre,Alta.,"2,251","1,010",914,3.33,676.4
Black Diamond,Small population centre,Alta.,"2,574","1,174","1,120",2.15,"1,199.00"
Blackfalds,Small population centre,Alta.,"10,315","3,895","3,727",8.93,"1,155.40"
Blairmore,Small population centre,Alta.,"1,522",896,731,2.04,747.7
Bon Accord,Small population centre,Alta.,"1,451",585,550,2.13,682.1
Bonnyville,Small population centre,Alta.,"6,359","2,964","2,518",6.4,994
Bow Island,Small population centre,Alta.,"1,829",655,609,1.3,"1,402.40"
Bowden,Small population centre,Alta.,"1,275",621,583,2.82,452.9
Brooks,Small population centre,Alta.,"14,904","5,483","5,134",12.78,"1,166.20"
Calgary,Large urban population centre,Alta.,"1,305,550","530,846","502,138",621.72,"2,099.90"
Calmar,Small population centre,Alta.,"1,883",803,766,1.33,"1,418.30"
Camrose,Small population centre,Alta.,"18,454","8,604","8,003",17.1,"1,079.30"
Canmore,Small population centre,Alta.,"13,268","7,199","5,514",12.96,"1,023.70"
Cardiff,Small population centre,Alta.,"1,033",395,379,0.98,"1,056.20"
Cardston,Small population centre,Alta.,"3,519","1,268","1,197",3.88,907.3
Carriage Lane Estates,Small population centre,Alta.,"1,094",336,321,1.34,814.7
Carstairs,Small population centre,Alta.,"3,660","1,405","1,366",4.76,769.6
Chestermere,Small population centre,Alta.,"21,425","6,654","6,483",8.99,"2,382.50"
Clairmont,Small population centre,Alta.,"2,808","1,133","1,041",4.16,675.1
Claresholm,Small population centre,Alta.,"3,434","1,641","1,532",2.68,"1,279.60"
Coaldale,Small population centre,Alta.,"8,592","3,272","3,181",5.84,"1,470.90"
Coalhurst,Small population centre,Alta.,"2,818","1,038","1,008",1.76,"1,598.60"
Cochrane,Medium population centre,Alta.,"31,638","12,341","11,882",23.71,"1,334.60"
Cold Lake,Small population centre,Alta.,"7,201","3,022","2,808",5.71,"1,262.10"
Coleman,Small population centre,Alta.,"1,441",907,722,1.99,722.8
Crossfield,Small population centre,Alta.,"3,579","1,375","1,320",3.99,895.9
Devon,Small population centre,Alta.,"6,545","2,588","2,496",14.26,459.1
Didsbury,Small population centre,Alta.,"5,024","2,138","2,028",5.43,925
Drayton Valley,Small population centre,Alta.,"6,970","3,105","2,762",7.22,965.6
Drumheller,Small population centre,Alta.,"6,497","3,096","2,804",9.48,685.2
Edmonton,Large urban population centre,Alta.,"1,151,635","484,165","449,923",627.2,"1,836.20"
Edson,Small population centre,Alta.,"8,166","3,684","3,306",10.7,762.9
Elk Point,Small population centre,Alta.,"1,394",677,586,2.26,617
Fairview,Small population centre,Alta.,"2,427","1,183","1,051",2.26,"1,072.30"
Fort Macleod,Small population centre,Alta.,"3,038","1,356","1,261",2.28,"1,330.40"
Fort McMurray,Medium population centre,Alta.,"68,002","28,670","24,505",52.17,"1,303.50"
Fort Saskatchewan,Small population centre,Alta.,"26,831","10,779","10,306",21.85,"1,228.10"
Fox Creek,Small population centre,Alta.,"1,426",834,574,1.36,"1,048.20"
Gibbons,Small population centre,Alta.,"2,989","1,187","1,108",4.78,625.8
Grand Centre,Small population centre,Alta.,"7,514","3,390","2,968",18.07,415.8
Grande Cache,Small population centre,Alta.,"3,037","1,370","1,120",3.72,815.4
Grande Prairie,Medium population centre,Alta.,"63,172","27,098","24,514",49.74,"1,270.20"
Grimshaw,Small population centre,Alta.,"2,519","1,185","1,040",4.13,609.7
Hanna,Small population centre,Alta.,"2,234","1,187","1,031",2.29,975.4
Heritage Pointe,Small population centre,Alta.,"1,974",726,707,4.78,412.7
High Level,Small population centre,Alta.,"3,461","1,271","1,151",2.68,"1,289.30"
High Prairie,Small population centre,Alta.,"2,065",969,810,2.37,872.7
High River,Small population centre,Alta.,"14,119","5,854","5,698",10.13,"1,394.00"
Hinton,Small population centre,Alta.,"9,191","4,140","3,759",12.97,708.4
Innisfail,Small population centre,Alta.,"7,016","3,271","2,966",5.23,"1,342.10"
Irricana,Small population centre,Alta.,"1,135",456,444,1.14,996.7
Jasper,Small population centre,Alta.,"4,029","1,776","1,586",1.84,"2,189.00"
La Crète,Small population centre,Alta.,"2,911","1,125","1,063",3.02,963.3
Lac la Biche,Small population centre,Alta.,"2,138",991,819,2.94,726.2
Lacombe,Small population centre,Alta.,"12,835","5,203","4,927",11.87,"1,081.00"
Lamont,Small population centre,Alta.,"1,328",564,519,1.93,687.4
Lancaster Park,Small population centre,Alta.,"1,253",469,439,0.92,"1,366.90"
Langdon,Small population centre,Alta.,"5,193","1,693","1,667",4.32,"1,203.40"
Leduc,Medium population centre,Alta.,"33,505","13,207","12,684",67.43,496.9
Legal,Small population centre,Alta.,"1,164",459,425,1.79,649.6
Lethbridge,Medium population centre,Alta.,"92,563","40,434","37,989",64,"1,446.20"
Lloydminster,Medium population centre,Alta. / Sask.,"31,582","13,530","12,077",24.43,"1,292.60"
Lloydminster (Alberta part),Medium population centre,Alta.,"19,739","8,529","7,635",16.85,"1,171.10"
Lloydminster (Saskatchewan part),Medium population centre,Sask.,"11,843","5,001","4,442",7.58,"1,562.60"
Magrath,Small population centre,Alta.,"2,308",770,744,2.7,853.6
Manning,Small population centre,Alta.,"1,027",503,441,1.37,748.1
Mayerthorpe,Small population centre,Alta.,"1,171",524,467,1.29,908.6
Medicine Hat,Medium population centre,Alta.,"63,382","28,666","27,162",53.2,"1,191.50"
Millet,Small population centre,Alta.,"1,847",814,776,2.18,846.7
Morinville,Small population centre,Alta.,"10,385","3,981","3,768",11.15,931
Nanton,Small population centre,Alta.,"1,984",915,871,1.56,"1,272.80"
Nobleford,Small population centre,Alta.,"1,438",462,446,0.98,"1,473.80"
Okotoks,Medium population centre,Alta.,"30,214","10,666","10,398",17.23,"1,753.30"
Olds,Small population centre,Alta.,"8,983","3,997","3,722",9.51,944.6
Peace River,Small population centre,Alta.,"4,264","2,046","1,723",5.06,843.4
Penhold,Small population centre,Alta.,"3,359","1,353","1,284",1.65,"2,037.20"
Picture Butte,Small population centre,Alta.,"1,808",686,646,1.95,926.1
Pincher Creek,Small population centre,Alta.,"3,463","1,607","1,473",4.06,853.7
Ponoka,Small population centre,Alta.,"7,032","3,193","2,959",5.61,"1,253.60"
Provost,Small population centre,Alta.,"1,834",824,732,2.09,876.5
Raymond,Small population centre,Alta.,"3,942","1,305","1,256",3.92,"1,005.90"
Red Deer,Medium population centre,Alta.,"99,846","42,979","40,133",65.93,"1,514.40"
Redcliff,Small population centre,Alta.,"5,385","2,206","2,117",7.39,728.3
Redwater,Small population centre,Alta.,"1,802",845,773,2.01,897.4
Rimbey,Small population centre,Alta.,"2,258","1,065",973,3.63,621.8
Rocky Mountain House,Small population centre,Alta.,"6,518","2,972","2,592",7.47,872.8
Sexsmith,Small population centre,Alta.,"2,275",862,790,1.83,"1,244.10"
Slave Lake,Small population centre,Alta.,"6,542","2,575","2,312",6.63,987.4
Springbrook,Small population centre,Alta.,"1,534",604,579,2.19,701.8
Spruce Grove,Medium population centre,Alta.,"39,348","15,518","15,009",29.76,"1,322.40"
St. Paul,Small population centre,Alta.,"5,685","2,390","2,214",5.03,"1,130.50"
Stettler,Small population centre,Alta.,"5,595","2,513","2,328",7.46,749.9
Stirling,Small population centre,Alta.,"1,134",368,349,2.03,558.1
Stony Plain,Small population centre,Alta.,"17,253","7,136","6,802",17.73,973.3
Strathmore,Small population centre,Alta.,"13,851","5,585","5,355",9.46,"1,463.50"
Sundre,Small population centre,Alta.,"1,781",803,752,2.37,750.9
Swan Hills,Small population centre,Alta.,"1,191",700,505,2.39,497.8
Sylvan Lake,Small population centre,Alta.,"16,142","7,267","6,452",10.49,"1,539.30"
Taber,Small population centre,Alta.,"8,978","3,521","3,387",15.69,572.1
Three Hills,Small population centre,Alta.,"2,902","1,183","1,110",3.14,924.4
Tofield,Small population centre,Alta.,"1,811",804,748,1.22,"1,483.10"
Turner Valley,Small population centre,Alta.,"2,409","1,025",965,3.3,730
Two Hills,Small population centre,Alta.,"1,379",510,432,1.25,"1,099.90"
Valleyview,Small population centre,Alta.,"1,280",599,500,1.55,824.6
Vauxhall,Small population centre,Alta.,"1,286",457,436,2.71,474.7
Vegreville,Small population centre,Alta.,"5,383","2,614","2,351",5.05,"1,065.60"
Vermilion,Small population centre,Alta.,"3,552","1,731","1,488",3.66,971.4
Vulcan,Small population centre,Alta.,"1,558",755,699,1.7,913.9
Wainwright,Small population centre,Alta.,"6,461","2,848","2,602",5.08,"1,270.60"
Wembley,Small population centre,Alta.,"1,432",616,550,2.2,651.5
Westlake,Small population centre,Alta.,"2,040",654,635,3.27,624.7
Westlock,Small population centre,Alta.,"4,820","2,333","2,104",5.26,915.9
Wetaskiwin,Small population centre,Alta.,"12,438","5,584","5,136",12.11,"1,026.90"
Whitecourt,Small population centre,Alta.,"9,195","4,013","3,578",10.22,899.3
British Columbia 2,Province,B.C.,"5,000,879","2,211,694","2,041,834","920,686.55",5.4
Abbotsford,Large urban population centre,B.C.,"132,300","49,176","47,091",71.2,"1,858.30"
Aldergrove,Small population centre,B.C.,"13,105","4,747","4,554",7.03,"1,864.40"
Aldergrove East,Small population centre,B.C.,"4,496","1,314","1,233",2.55,"1,765.50"
Armstrong,Small population centre,B.C.,"5,323","2,292","2,217",5.22,"1,020.00"
Ashcroft,Small population centre,B.C.,"1,182",643,576,2.05,577.8
Barriere,Small population centre,B.C.,"1,273",557,502,3.09,412.1
Blind Bay,Small population centre,B.C.,"2,369","1,117","1,036",4.14,572.1
Burns Lake,Small population centre,B.C.,"2,117",864,791,3.12,679.1
Campbell River,Medium population centre,B.C.,"38,108","17,246","16,562",33,"1,154.70"
Castlegar,Small population centre,B.C.,"10,029","4,442","4,245",19.01,527.7
Chase,Small population centre,B.C.,"2,377","1,238","1,166",2.33,"1,018.80"
Chemainus,Small population centre,B.C.,"4,033","2,099","2,016",5.82,693
Chilliwack,Medium population centre,B.C.,"81,622","34,302","33,030",56.02,"1,456.90"
Cobble Hill,Small population centre,B.C.,"3,610","1,692","1,651",6.67,541
Courtenay,Medium population centre,B.C.,"48,917","22,691","21,901",56.58,864.6
Cowichan Bay,Small population centre,B.C.,"2,799","1,227","1,162",4.47,626.5
Cranbrook,Small population centre,B.C.,"20,008","8,831","8,558",16.32,"1,225.80"
Creston,Small population centre,B.C.,"5,459","2,741","2,604",6.04,903.9
Crofton,Small population centre,B.C.,"1,446",633,606,2.76,524
Cultus Lake,Small population centre,B.C.,"1,164",739,564,1.8,647.5
Cumberland,Small population centre,B.C.,"4,190","1,809","1,732",3.91,"1,071.00"
Dawson Creek,Small population centre,B.C.,"11,706","5,817","5,094",12.34,948.4
Duck Lake,Small population centre,B.C.,"12,725","5,792","5,320",24.93,510.5
Duncan,Small population centre,B.C.,"24,358","11,013","10,552",22.75,"1,070.80"
Elkford,Small population centre,B.C.,"1,908","1,142",823,3.07,622.2
Enderby,Small population centre,B.C.,"3,028","1,508","1,436",4.26,710.4
Fairwinds,Small population centre,B.C.,"1,207",682,607,2.13,567
Fernie,Small population centre,B.C.,"5,519","2,789","2,282",4.49,"1,228.40"
Fort Nelson,Small population centre,B.C.,"2,611","1,622","1,173",5.02,519.9
Fort St. James,Small population centre,B.C.,"1,497",697,619,3.22,465.6
Fort St. John,Small population centre,B.C.,"21,123","9,868","8,653",14.89,"1,419.00"
Gibsons,Small population centre,B.C.,"9,603","4,845","4,401",14.11,680.4
Golden,Small population centre,B.C.,"3,640","1,709","1,566",6.12,594.8
Grand Forks,Small population centre,B.C.,"4,166","1,985","1,893",8.21,507.7
Harrison Hot Springs,Small population centre,B.C.,"1,552",873,733,1.17,"1,329.00"
Hope,Small population centre,B.C.,"4,434","2,167","2,000",5.48,809.3
Houston,Small population centre,B.C.,"2,085","1,016",885,2.94,708.1
Invermere,Small population centre,B.C.,"3,340","1,880","1,418",3.44,971.4
Kamloops,Medium population centre,B.C.,"92,442","39,771","38,082",74.35,"1,243.30"
Kelowna,Large urban population centre,B.C.,"181,380","83,287","77,446",168.92,"1,073.70"
Kent,Small population centre,B.C.,"3,936","1,769","1,670",4.02,978
Keremeos,Small population centre,B.C.,"1,791",938,888,2.84,629.5
Kimberley,Small population centre,B.C.,"4,908","2,300","2,158",4.51,"1,087.60"
Kitimat,Small population centre,B.C.,"6,727","3,763","3,028",4.88,"1,377.50"
Ladner,Small population centre,B.C.,"23,016","9,286","9,028",7.38,"3,120.30"
Ladysmith,Small population centre,B.C.,"11,194","5,125","4,920",13.85,808.2
Lake Cowichan,Small population centre,B.C.,"3,181","1,506","1,425",4.14,768.5
Lillooet,Small population centre,B.C.,"1,652",886,809,2.37,696.7
Lions Bay,Small population centre,B.C.,"1,390",557,506,2.53,549
Logan Lake,Small population centre,B.C.,"1,356",726,665,0.94,"1,441.50"
Lumby,Small population centre,B.C.,"1,484",627,607,1.14,"1,298.80"
Mackenzie,Small population centre,B.C.,"2,856","1,634","1,323",3.43,833.3
Merritt,Small population centre,B.C.,"5,248","2,435","2,293",4.43,"1,185.00"
Mile 108 Recreational Ranch,Small population centre,B.C.,"1,043",491,459,2.59,402.9
Miller's Landing,Small population centre,B.C.,"1,437",669,576,1.91,750.6
Mission,Medium population centre,B.C.,"36,193","12,702","12,185",27.23,"1,328.90"
Nakusp,Small population centre,B.C.,"1,112",606,554,1.31,846
Nanaimo,Large urban population centre,B.C.,"106,079","47,554","45,512",86.76,"1,222.70"
Naramata,Small population centre,B.C.,"1,012",505,444,2.39,423
Nelson,Small population centre,B.C.,"11,198","5,358","4,992",7.45,"1,503.70"
Okanagan Falls,Small population centre,B.C.,"2,202","1,248","1,078",3.33,660.5
Oliver,Small population centre,B.C.,"5,708","2,746","2,598",5.67,"1,007.10"
One Hundred Mile House,Small population centre,B.C.,"1,706",864,809,2.4,710.2
Osoyoos,Small population centre,B.C.,"4,859","2,919","2,279",4.24,"1,147.20"
Parksville,Small population centre,B.C.,"27,330","13,872","13,155",27.45,995.7
Peachland,Small population centre,B.C.,"5,006","2,572","2,353",9.83,509.5
Pemberton,Small population centre,B.C.,"2,970","1,242","1,184",2.82,"1,051.80"
Penticton,Medium population centre,B.C.,"36,893","18,426","17,361",25.84,"1,427.70"
Port Alberni,Small population centre,B.C.,"21,711","10,438","9,898",28.49,762
Port Hardy,Small population centre,B.C.,"3,393","1,662","1,494",5.15,659.3
Port McNeill,Small population centre,B.C.,"2,234","1,057",973,2.49,898.6
Powell River,Small population centre,B.C.,"13,116","6,342","6,038",17.37,755.2
Prince George,Medium population centre,B.C.,"67,339","29,851","28,163",73.9,911.2
Prince Rupert,Small population centre,B.C.,"11,814","5,507","4,857",7.97,"1,482.30"
Princeton,Small population centre,B.C.,"2,826","1,489","1,346",4.48,631.2
Puntledge,Small population centre,B.C.,"1,185",497,479,2.95,402.2
Quesnel,Small population centre,B.C.,"12,110","5,808","5,502",25.23,480
Rayleigh,Small population centre,B.C.,"1,933",723,713,2.06,939.7
Revelstoke,Small population centre,B.C.,"7,709","3,414","3,147",12.3,627
Roberts Creek,Small population centre,B.C.,"1,927","1,007",850,4.18,460.5
Rosedale,Small population centre,B.C.,"2,232",761,749,4.39,508.8
Rossland,Small population centre,B.C.,"3,645","1,715","1,588",4.01,910
Salmo,Small population centre,B.C.,"1,140",599,568,2.44,466.4
Salmon Arm,Small population centre,B.C.,"16,065","7,020","6,707",20.99,765.4
Sechelt,Small population centre,B.C.,"9,434","4,884","4,442",11.96,788.8
Shawnigan - Mill Bay,Small population centre,B.C.,"7,285","3,065","2,855",14.87,490
Sicamous,Small population centre,B.C.,"2,041","1,539",965,2.63,775.6
Smithers,Small population centre,B.C.,"5,316","2,375","2,282",10.46,508
Sooke,Small population centre,B.C.,"11,583","4,940","4,702",15.3,757.1
Sparwood,Small population centre,B.C.,"3,990","2,101","1,747",8.61,463.5
Squamish,Small population centre,B.C.,"22,221","9,288","8,623",22.11,"1,005.20"
Summerland,Small population centre,B.C.,"9,860","4,471","4,224",15.83,623
Telkwa,Small population centre,B.C.,"1,288",500,482,2.86,450
Terrace,Small population centre,B.C.,"14,633","6,410","6,019",22.19,659.5
Tofino,Small population centre,B.C.,"2,217","1,075",874,5.47,405
Trail - Fruitvale,Small population centre,B.C.,"12,863","6,177","5,884",21.65,594.1
Tsawwassen,Small population centre,B.C.,"23,940","10,465","9,968",14.95,"1,601.10"
Tumbler Ridge,Small population centre,B.C.,"2,389","1,547","1,090",2.95,810.3
Ucluelet,Small population centre,B.C.,"1,940",937,803,2.9,670.1
Vancouver,Large urban population centre,B.C.,"2,426,160","1,015,170","958,604",911.64,"2,661.30"
Vanderhoof,Small population centre,B.C.,"1,967",896,849,2.85,691.3
Vernon,Medium population centre,B.C.,"51,896","23,605","22,314",51.16,"1,014.30"
Victoria,Large urban population centre,B.C.,"363,222","172,251","163,111",222.71,"1,630.90"
Welcome Beach,Small population centre,B.C.,"1,116",524,484,1.41,793
Whistler,Small population centre,B.C.,"9,974","7,800","4,001",11.74,849.5
White Rock,Large urban population centre,B.C.,"109,167","46,671","44,359",54.23,"2,013.10"
Williams Lake,Small population centre,B.C.,"11,906","5,466","5,109",27.69,430
Yarrow,Small population centre,B.C.,"1,378",436,427,3.37,408.5
Yukon,Territory,Y.T.,"40,232","19,610","17,181","472,345.44",0.1
Dawson,Small population centre,Y.T.,"1,092",597,544,1.05,"1,036.20"
Whitehorse,Small population centre,Y.T.,"24,513","10,424","9,971",35.97,681.5
Northwest Territories,Territory,N.W.T.,"41,070","17,603","15,207","1,127,711.92",0
Fort Smith,Small population centre,N.W.T.,"1,749",778,687,2.04,855.8
Hay River,Small population centre,N.W.T.,"2,380","1,172",950,3.16,752.8
Inuvik,Small population centre,N.W.T.,"3,001","1,381","1,161",1.6,"1,871.40"
Yellowknife,Small population centre,N.W.T.,"19,673","7,773","7,327",18.11,"1,086.30"
Nunavut,Territory,Nvt.,"36,858","11,720","9,926","1,836,993.78",0
Arviat,Small population centre,Nvt.,"2,766",668,608,2.42,"1,143.60"
Baker Lake,Small population centre,Nvt.,"1,653",547,472,1.56,"1,060.00"
Cambridge Bay,Small population centre,Nvt.,"1,403",521,434,0.85,"1,652.90"
Gjoa Haven,Small population centre,Nvt.,"1,110",267,239,0.7,"1,586.20"
Iqaluit,Small population centre,Nvt.,"6,991","3,093","2,542",10.48,667
Rankin Inlet,Small population centre,Nvt.,"2,698",929,750,2.86,942.6
